mu;ReferenceEK0_nsteps;ReferenceEK0_errors;ReferenceEK0_seconds;KroneckerEK0_nsteps;KroneckerEK0_errors;KroneckerEK0_seconds;DiagonalEK0_nsteps;DiagonalEK0_errors;DiagonalEK0_seconds;ReferenceEK1_nsteps;ReferenceEK1_errors;ReferenceEK1_seconds;DiagonalEK1_nsteps;DiagonalEK1_errors;DiagonalEK1_seconds;ETruncationEK1_nsteps;ETruncationEK1_errors;ETruncationEK1_seconds
1;276.0;0.00046962806145942504;7.676516056060791;276.0;0.00046967734100269033;5.643694877624512;314.0;0.0003065985887862919;2.76590895652771;65;1.0199390741505637e-05;1.3900938034057617;297;0.00016536809168579878;2.5879077911376953;66.0;8.908736569173098e-05;2.7077603340148926
10;3779.0;1.681989947176075e-05;46.70254373550415;3777.0;2.4326515141290103e-05;66.45204854011536;3840.0;0.00017198747812485437;25.580177307128906;303;1.6514998955819274e-05;5.353358507156372;1317;0.00015259652893897832;9.940353631973267;305.0;3.4805221399012353e-05;10.596344232559204
100;39660.0;2.9237075077000006e-06;446.48104190826416;39636.0;1.0330845745308803e-06;651.2103924751282;39687.0;0.00028895565009034443;247.45583534240723;852;1.0453742727871218e-05;14.279240369796753;4375;0.00035863227565008767;29.4662606716156;866.0;2.9876080147953392e-05;28.41731905937195
1000;;;;;;;;;;2015;1.5397319469812433e-05;34.341405630111694;13295;0.0002843914977164482;85.7153377532959;6488.0;0.0003183161474400431;206.34219336509705
10000;;;;;;;;;;4242;7.840247611363514e-07;67.48383474349976;38013;0.0006804963330376754;239.5164031982422;199286.0;0.02052618813329235;6831.591018199921
100000;;;;;;;;;;8663;2.0072406619191714e-06;132.5510115623474;82287;0.0005811345483559205;516.7183756828308;;;
